{"loss/transl_delta":2.8674017e-06,"charts/learning_rate":4.8004e-05,"val_loss/smpl_joints_rec":1.4142631e-05,"val_loss/orient_delta":9.975367e-07,"_timestamp":1.776071268494708e+09,"_wandb":{"runtime":23073},"val_loss/rec_loss":0.0056989375,"_step":1015,"loss/smpl_joints_rec":3.4552853e-05,"loss/joints_delta":1.742346e-05,"loss/rec_loss":0.011007369,"val_loss/kl_loss":4.94387,"loss/joints_consistency":2.3008444e-05,"loss/orient_delta":7.366583e-06,"val_loss/joints_consistency":1.3582686e-05,"_runtime":23073,"loss/kl_loss":4.836296,"loss/loss":0.014353562,"val_loss/joints_delta":2.4616663e-06,"global_step":104000,"val_loss/transl_delta":3.7240696e-07,"val_loss/loss":0.0063642957}