{"loss/joints_consistency":0.00017448913,"loss/orient_delta":3.7164125e-05,"loss/rec_loss":0.08973333,"_step":8,"loss/smpl_joints_rec":0.00036374462,"loss/loss":0.112920366,"_timestamp":1.7760476708855073e+09,"charts/learning_rate":9.98016e-05,"_wandb":{"runtime":602},"loss/kl_loss":1.7749107,"global_step":1000,"loss/transl_delta":2.563199e-05,"_runtime":602,"loss/joints_delta":0.00011523316}