{"_wandb":{"runtime":24168},"_runtime":24168,"val_loss/loss":0.004959118,"loss/smpl_joints_rec":3.212016e-05,"val_loss/orient_delta":4.795159e-07,"loss/joints_delta":1.4246935e-05,"loss/rec_loss":0.00857427,"_timestamp":1.776157148716599e+09,"val_loss/joints_consistency":1.0477806e-05,"_step":979,"val_loss/kl_loss":4.924539,"charts/learning_rate":4e-09,"loss/transl_delta":2.562172e-06,"global_step":200000,"val_loss/transl_delta":1.9162371e-07,"loss/joints_consistency":1.6292433e-05,"val_loss/smpl_joints_rec":1.1317367e-05,"loss/kl_loss":4.8645487,"loss/loss":0.011270244,"loss/orient_delta":5.2607243e-06,"val_loss/joints_delta":1.8262192e-06,"val_loss/rec_loss":0.0044865063}