{"val_loss/joints_delta":1.717324e-06,"_wandb":{"runtime":32483},"global_step":300000,"loss/joints_consistency":0,"loss/loss":0.21818714,"val_loss/transl_delta":1.6139353e-07,"_runtime":32483,"val_loss/loss":0.1450753,"loss/feature_rec":0.09730234,"loss/latent_rec":0.09554838,"loss/joints_delta":1.9917834e-06,"loss/orient_delta":3.465663e-07,"val_loss/joints_consistency":0,"val_loss/orient_delta":2.8881362e-07,"loss/transl_delta":1.9529335e-07,"_step":979,"val_loss/feature_rec":0.058256563,"charts/learning_rate":1.3333333e-09,"_timestamp":1.7762526355877132e+09,"val_loss/smpl_joints_rec":0,"loss/smpl_joints_rec":0,"val_loss/latent_rec":0.065143436}