{"loss/smpl_joints_rec":3.9438914e-05,"val_loss/orient_delta":7.5919917e-07,"_runtime":10572,"loss/joints_delta":1.3160992e-05,"val_loss/loss":0.006364447,"loss/kl_loss":4.868941,"_wandb":{"runtime":10572},"loss/loss":0.010567344,"charts/learning_rate":2.6504e-05,"_step":454,"global_step":147000,"val_loss/kl_loss":4.93402,"loss/joints_consistency":1.6007614e-05,"loss/orient_delta":4.8772245e-06,"loss/rec_loss":0.008006459,"val_loss/smpl_joints_rec":2.3283757e-05,"val_loss/joints_delta":2.2284694e-06,"val_loss/joints_consistency":1.2382337e-05,"val_loss/rec_loss":0.005675664,"_timestamp":1.7760840873916984e+09,"loss/transl_delta":1.977291e-06,"val_loss/transl_delta":2.8421601e-07}